ts_code,name,invest_type,category,return_3m,return_6m,return_1y,volatility,max_drawdown,sharpe,data_points
159293.SZ,创业板综增强ETF建信,增强指数型,指数增强型,-1.12,-2.34,1.67,17.93,5.27,-0.02,40
563930.SH,上证增强ETF,增强指数型,指数增强型,-1.64,-1.61,3.69,13.2,4.01,0.13,45
562070.SH,沪深300指增ETF,增强指数型,指数增强型,-1.01,-0.96,0.97,10.45,3.37,-0.1,58
563600.SH,A500增强ETF易方达,增强指数型,指数增强型,-0.65,-0.97,4.49,11.64,6.04,0.21,182
159290.SZ,创业板综指增强ETF东财,增强指数型,指数增强型,0.69,-1.32,9.41,17.06,9.11,0.43,195
588550.SH,科创综指增强ETF易方达,增强指数型,指数增强型,-0.59,-5.67,10.76,21.78,13.48,0.4,205
159291.SZ,创业板综增强ETF招商,增强指数型,指数增强型,-0.21,-1.74,7.62,15.96,9.55,0.35,219
588690.SH,科创指数增强ETF,增强指数型,指数增强型,-1.44,-6.31,7.94,20.45,12.18,0.29,219
159292.SZ,创业板综增强ETF华宝,增强指数型,指数增强型,-0.46,-1.41,7.41,16.6,9.39,0.33,222
512370.SH,A500增强ETF华夏,增强指数型,指数增强型,-0.05,-0.19,4.91,11.42,5.96,0.25,240
512030.SH,中证A50增强ETF易方达,增强指数型,指数增强型,-2.6,-0.59,-1.12,12.1,7.63,-0.26,251
160641.SZ,鹏华丰锐LOF,债券型,债券型-主动,-0.04,-0.63,-1.84,4.26,3.02,-0.9,291
588520.SH,科创增强ETF,增强指数型,指数增强型,-1.33,-5.82,10.17,19.44,15.24,0.42,303
159249.SZ,A500增强ETF工银,增强指数型,指数增强型,-0.96,-1.86,4.5,11.42,5.7,0.22,309
563630.SH,A500增强ETF国联安,增强指数型,指数增强型,-0.8,-1.2,3.78,11.54,6.85,0.15,311
561090.SH,中证A500增强ETF,增强指数型,指数增强型,-0.49,-1.56,4.59,11.39,6.32,0.23,311
159240.SZ,中证A500增强ETF天弘,增强指数型,指数增强型,-0.81,-1.07,4.07,11.53,6.51,0.18,330
588670.SH,科创综指增强ETF,增强指数型,指数增强型,-1.42,-6.95,9.62,19.73,13.86,0.39,329
159238.SZ,300ETF增强,增强指数型,指数增强型,-0.22,-0.16,2.49,10.47,7.0,0.05,339
159226.SZ,中证A500增强ETF,增强指数型,指数增强型,-1.28,-0.68,5.35,10.6,6.64,0.32,353
563550.SH,A500增强ETF摩根,增强指数型,指数增强型,-0.98,-1.41,4.72,10.09,6.29,0.27,369
501227.SH,泓德红利优选LOF,混合型,混合型-偏股,2.75,5.21,9.33,7.71,6.94,0.95,354
562810.SH,上证指数增强ETF,增强指数型,指数增强型,-1.45,-2.99,1.02,9.58,9.0,-0.1,448
588500.SH,科创100增强ETF易方达,增强指数型,指数增强型,-1.64,-6.16,11.83,22.66,20.4,0.43,455
588680.SH,科创100增强ETF,增强指数型,指数增强型,-2.52,-7.22,9.29,19.6,17.14,0.37,455
159552.SZ,中证2000增强ETF,增强指数型,指数增强型,-0.7,-2.45,9.84,17.58,19.03,0.45,455
563090.SH,上证50增强ETF易方达,增强指数型,指数增强型,-2.89,-1.54,0.76,11.77,10.85,-0.11,455
588450.SH,科创50ETF增强,增强指数型,指数增强型,-2.13,-7.54,9.39,20.74,16.07,0.36,455
563280.SH,A50增强ETF富国,增强指数型,指数增强型,-1.67,-1.63,-2.94,12.0,10.75,-0.41,455
159553.SZ,中证2000增强ETF海富通,增强指数型,指数增强型,0.33,-1.59,10.72,16.23,17.14,0.54,454
159556.SZ,中证2000ETF增强,增强指数型,指数增强型,1.03,-0.67,11.31,16.29,18.27,0.57,455
159555.SZ,2000增强ETF,增强指数型,指数增强型,0.64,-1.24,10.33,16.48,17.9,0.51,455
561780.SH,1000增强ETF,增强指数型,指数增强型,0.66,-1.92,10.99,15.63,15.5,0.57,455
560590.SH,1000ETF增强,增强指数型,指数增强型,0.83,-1.88,10.54,15.88,15.94,0.54,455
561280.SH,中证1000ETF增强,增强指数型,指数增强型,1.14,-2.2,13.87,16.2,16.62,0.73,455
159517.SZ,800增强ETF,增强指数型,指数增强型,-0.62,-1.32,7.83,11.13,10.22,0.52,455
501201.SH,科创红土LOF,股票型,主动股票型,6.03,15.17,17.96,30.34,19.71,0.53,455
560950.SH,中证500增强ETF汇添富,增强指数型,指数增强型,-0.6,-2.69,9.69,13.47,12.82,0.57,455
501312.SH,海外科技LOF,股票型,主动股票型,-1.91,-8.53,-3.96,22.06,19.89,-0.27,444
501225.SH,全球芯片LOF,股票型,主动股票型,-3.9,-4.6,7.98,22.58,19.67,0.27,444
561950.SH,500指数增强ETF,增强指数型,指数增强型,-1.28,-3.92,8.43,14.11,13.39,0.46,455
159676.SZ,创业板增强ETF富国,增强指数型,指数增强型,-1.01,-2.41,1.85,19.29,17.46,-0.01,455
159685.SZ,1000增强ETF天弘,增强指数型,指数增强型,1.38,0.66,15.13,15.53,15.3,0.85,454
563030.SH,中证500增强ETF易方达,增强指数型,指数增强型,0.95,-2.26,11.45,14.84,12.48,0.64,455
159678.SZ,中证500增强ETF,增强指数型,指数增强型,0.67,-2.86,12.36,15.09,12.89,0.69,455
159679.SZ,中证1000增强ETF,增强指数型,指数增强型,-1.23,-3.41,9.45,15.53,15.01,0.48,455
588320.SH,双创50ETF增强,增强指数型,指数增强型,-0.43,-3.76,-1.09,22.22,18.18,-0.14,455
561000.SH,沪深300ETF增强基金,增强指数型,指数增强型,-2.21,-2.3,-1.31,10.25,9.98,-0.32,455
588460.SH,科创50增强ETF,增强指数型,指数增强型,-2.9,-7.31,4.68,22.31,17.1,0.12,455
588370.SH,科创50增强ETF南方,增强指数型,指数增强型,-2.52,-7.86,5.9,20.34,15.64,0.19,455
159677.SZ,1000增强ETF,增强指数型,指数增强型,0.74,-0.53,12.24,14.22,13.54,0.72,455
159675.SZ,创业板增强ETF,增强指数型,指数增强型,-1.32,-3.09,-0.79,20.36,18.39,-0.14,455
561590.SH,中证1000增强ETF,增强指数型,指数增强型,-0.78,-3.16,9.79,16.08,15.95,0.48,455
159680.SZ,1000ETF增强,增强指数型,指数增强型,-1.09,-2.02,12.06,15.41,16.29,0.65,455
501222.SH,如意招享FOF,混合型,混合型-偏股,-0.42,-0.23,0.52,1.34,0.86,-1.1,444
501220.SH,行业轮动FOF,股票型,主动股票型,-3.13,-1.61,19.7,23.7,19.59,0.75,455
162721.SZ,广发积极FOF-LOF,混合型,混合型-偏股,-0.34,-0.69,8.48,13.54,12.77,0.48,444
501217.SH,行业配置FOF,股票型,主动股票型,-0.84,-1.5,5.07,13.1,11.61,0.23,455
161133.SZ,优势回报FOF-LOF,混合型,混合型-偏股,2.68,2.39,8.94,18.78,14.91,0.37,444
560100.SH,中证500增强ETF南方,增强指数型,指数增强型,0.5,-1.87,12.75,14.81,13.33,0.73,455
160326.SZ,优选配置FOF-LOF,股票型,主动股票型,-0.97,-2.93,0.24,12.99,12.78,-0.14,455
501216.SH,富国行业精选FOF,股票型,主动股票型,0.62,-0.31,4.44,11.36,9.5,0.21,455
501219.SH,智胜先锋LOF,股票型,主动股票型,0.26,-1.17,8.89,12.99,12.79,0.53,455
159610.SZ,500ETF增强,增强指数型,指数增强型,-0.08,-2.55,11.65,14.94,13.4,0.65,455
501211.SH,民生加银优享FOF,混合型,混合型-偏股,-0.39,0.32,2.85,4.37,3.0,0.19,444
561550.SH,500增强ETF,增强指数型,指数增强型,0.68,-1.82,11.25,15.69,13.99,0.59,455
561990.SH,沪深300增强ETF,增强指数型,指数增强型,-2.85,-1.99,-0.26,11.12,10.07,-0.2,455
561300.SH,300增强ETF,增强指数型,指数增强型,-1.38,-0.42,1.89,10.94,10.27,-0.01,455
501218.SH,工银睿智进取FOF,股票型,主动股票型,-3.98,-6.75,5.06,16.21,12.71,0.19,455
501215.SH,积极配置FOF,混合型,混合型-偏股,-2.22,-2.06,2.37,10.78,10.49,0.03,440
501210.SH,交银智选星光FOF,混合型,混合型-偏股,0.54,-0.39,8.41,16.48,16.62,0.39,444
501213.SH,中欧汇选FOF,混合型,混合型-偏股,-5.6,-5.9,-2.41,11.0,11.04,-0.4,441
501212.SH,广发优选配置FOF,混合型,混合型-偏股,-0.93,-1.01,2.8,7.15,4.79,0.11,444
501209.SH,富久食品饮料LOF,混合型,混合型-偏股,-2.84,-1.24,-2.07,11.32,16.44,-0.36,455
506008.SH,科创板长城,混合型,混合型-偏股,-2.79,-8.65,6.83,20.45,14.28,0.24,455
163418.SZ,兴全合兴LOF,混合型,混合型-偏股,1.94,1.74,11.8,16.78,17.8,0.58,455
501207.SH,华夏创新未来LOF,混合型,混合型-偏股,-4.65,-10.2,-2.43,17.28,15.95,-0.26,455
501206.SH,添富创新未来LOF,混合型,混合型-偏股,0.32,-3.84,3.82,17.94,15.85,0.1,455
501208.SH,中欧创新未来LOF,混合型,混合型-偏股,-4.47,-10.74,-2.46,20.61,19.85,-0.22,455
501205.SH,鹏华创新未来LOF,混合型,混合型-偏股,-0.89,-9.12,-13.6,27.19,24.82,-0.57,455
501203.SH,易基创新未来LOF,混合型,混合型-偏股,-3.29,-3.55,2.55,17.99,17.6,0.03,455
162720.SZ,广发创业板定开,混合型,混合型-偏股,1.26,-1.31,0.6,22.45,19.22,-0.06,455
160529.SZ,创业板博时定开,混合型,混合型-偏股,-0.41,-4.06,0.59,17.6,15.63,-0.08,455
160143.SZ,创业板定开南方,混合型,混合型-偏股,-0.67,-5.73,2.34,19.2,16.94,0.02,455
161914.SZ,创业板2年定开,混合型,混合型-偏股,-7.04,-12.43,6.31,21.87,21.5,0.2,455
506001.SH,万家科创板,混合型,混合型-偏股,-1.91,-4.77,0.96,19.05,14.64,-0.05,455
506003.SH,富国科创板,混合型,混合型-偏股,-1.49,-5.73,2.16,20.33,12.97,0.01,455
506005.SH,科创板博时,混合型,混合型-偏股,1.35,-6.01,8.2,23.66,21.53,0.26,455
506006.SH,汇添富科创板,混合型,混合型-偏股,1.26,-3.32,8.96,16.39,19.29,0.42,455
506000.SH,科创板基金,混合型,混合型-偏股,0.98,-5.37,11.74,20.98,16.28,0.46,455
506002.SH,易方达科创板,混合型,混合型-偏股,0.36,-2.78,3.41,23.46,19.72,0.06,455
160325.SZ,华夏创业板定开,混合型,混合型-偏股,-0.02,-1.78,2.41,19.96,17.83,0.02,455
501202.SH,华泰紫金创新先锋LOF,混合型,混合型-偏股,-0.87,-2.16,2.16,11.96,12.9,0.01,455
166027.SZ,中欧创业定开,混合型,混合型-偏股,-1.32,-1.46,6.78,13.72,13.89,0.35,455
160926.SZ,创业板定开,混合型,混合型-偏股,-1.06,-4.26,-4.78,13.97,13.32,-0.49,455
161040.SZ,创业富国定开,混合型,混合型-偏股,-0.04,-2.09,3.86,18.72,17.4,0.1,455
501200.SH,科创加银IOF,混合型,混合型-偏股,-0.73,-5.65,1.99,22.28,18.17,-0.0,455
167508.SZ,安信价值发现定开,混合型,混合型-偏股,-1.52,1.93,3.27,9.49,10.21,0.13,455
501099.SH,平安新兴产业LOF,混合型,混合型-偏股,1.89,1.59,5.83,28.2,17.69,0.14,455
164508.SZ,国富中证A100LOF,增强指数型,指数增强型,-1.5,-1.57,1.46,10.65,10.04,-0.05,455
501098.SH,科创建信LOF,混合型,混合型-偏股,-1.09,-3.58,13.25,22.83,19.11,0.49,455
501097.SH,科创国寿LOF,混合型,混合型-偏股,8.05,6.15,8.81,24.94,19.91,0.27,455
160527.SZ,博时研究优选LOF,灵活配置型,混合型-平衡,-4.18,-6.03,-2.65,20.62,19.78,-0.23,455
501096.SH,国联安科创LOF,灵活配置型,混合型-平衡,2.18,-3.79,-3.12,31.79,24.19,-0.16,455
501095.SH,中银证券科技创新LOF,混合型,混合型-偏股,-1.37,-5.2,-4.66,28.0,23.01,-0.24,455
501093.SH,华夏翔阳LOF,混合型,混合型-偏股,-4.04,-4.88,3.1,14.65,16.78,0.07,455
501092.SH,交银瑞思LOF,混合型,混合型-偏股,-2.51,-3.64,8.47,11.54,11.03,0.56,455
502000.SH,500增强LOF,增强指数型,指数增强型,0.14,-3.21,11.91,14.48,12.68,0.68,455
501091.SH,嘉实欣荣LOF,混合型,混合型-偏股,-2.82,-4.79,4.88,14.9,12.01,0.19,455
161837.SZ,银华大盘定开,混合型,混合型-偏股,-5.29,-5.26,-0.35,12.15,15.01,-0.19,455
501089.SH,消费红利增强LOF,增强指数型,指数增强型,-3.84,-4.31,-2.47,10.75,9.19,-0.42,454
166107.SZ,多因子LOF,混合型,混合型-偏股,0.95,-0.35,10.6,12.26,11.6,0.7,455
162216.SZ,宏利500增强LOF,增强指数型,指数增强型,-0.41,-2.8,10.52,14.24,13.51,0.6,455
501087.SH,交银瑞丰LOF,混合型,混合型-偏股,-2.62,1.97,3.04,8.98,7.28,0.12,455
501088.SH,嘉实瑞虹,混合型,混合型-偏股,-0.62,-1.02,2.85,8.23,7.46,0.1,455
161729.SZ,招商瑞利LOF,灵活配置型,混合型-平衡,-5.25,-2.88,5.13,13.87,14.71,0.23,455
501079.SH,科创大成LOF,混合型,混合型-偏股,0.68,-3.14,2.52,21.52,15.87,0.02,455
501080.SH,科创主题投资基金LOF,灵活配置型,混合型-平衡,-4.45,-12.86,10.35,26.58,24.62,0.31,455
501085.SH,财通科创LOF,灵活配置型,混合型-平衡,4.42,-0.48,-2.13,22.17,20.3,-0.19,455
501083.SH,科创银华LOF,灵活配置型,混合型-平衡,-2.83,-4.82,-0.04,17.18,18.4,-0.12,455
501081.SH,科创中欧LOF,混合型,混合型-偏股,-4.01,-10.91,0.27,22.34,19.91,-0.08,455
501082.SH,科创投资LOF,灵活配置型,混合型-平衡,6.76,6.8,12.0,26.84,18.53,0.37,455
501075.SH,科创主题LOF,灵活配置型,混合型-平衡,1.77,-0.05,4.96,18.33,15.1,0.16,455
501073.SH,华安智联LOF,混合型,混合型-偏股,-1.25,7.23,7.7,14.47,7.4,0.39,455
501078.SH,科创配置LOF,灵活配置型,混合型-平衡,2.75,1.08,0.78,15.17,14.02,-0.08,455
501077.SH,富国创新企业LOF,灵活配置型,混合型-平衡,1.26,-2.49,-1.81,14.71,16.17,-0.26,455
501076.SH,鹏华创新动力LOF,灵活配置型,混合型-平衡,-5.83,-5.82,9.08,28.95,23.68,0.24,455
160526.SZ,博时优势企业,灵活配置型,混合型-平衡,-3.56,-2.49,-2.86,9.36,8.98,-0.52,455
166025.SZ,中欧远见定开,混合型,混合型-偏股,-4.48,-3.21,-3.01,10.75,17.18,-0.47,455
501071.SH,泓德丰泽LOF,灵活配置型,混合型-平衡,-5.91,-5.37,-2.05,11.67,13.46,-0.35,455
161912.SZ,社会责任定开,混合型,混合型-偏股,-1.2,-0.56,1.4,21.31,16.79,-0.03,455
501070.SH,广发睿阳,混合型,混合型-偏股,0.75,0.16,6.98,10.53,7.04,0.47,455
501064.SH,国泰价值LOF,灵活配置型,混合型-平衡,6.87,10.58,25.89,14.4,11.87,1.66,455
501065.SH,经典成长,混合型,混合型-偏股,-4.6,-3.1,-1.21,13.57,13.83,-0.24,455
161132.SZ,易方达科顺定开,灵活配置型,混合型-平衡,1.53,0.14,5.38,19.41,18.39,0.17,455
501062.SH,南方瑞合LOF,混合型,混合型-偏股,0.65,2.98,12.87,15.87,13.67,0.68,455
160726.SZ,嘉实瑞享定开,灵活配置型,混合型-平衡,-1.5,-2.41,4.37,12.12,12.86,0.2,455
501059.SH,国企红利LOF,增强指数型,指数增强型,1.53,4.47,6.19,8.85,6.36,0.47,455
501189.SH,嘉实产业优选LOF,灵活配置型,混合型-平衡,-3.19,0.03,10.93,12.37,10.07,0.72,455
161131.SZ,易方达科润LOF,混合型,混合型-偏股,-5.34,-7.32,-4.4,14.38,15.23,-0.44,455
161728.SZ,招商优选LOF,灵活配置型,混合型-平衡,-1.69,1.53,13.73,14.56,9.79,0.81,455
501188.SH,添富核心精选LOF,灵活配置型,混合型-平衡,-0.47,-7.77,3.61,23.44,21.68,0.07,455
160142.SZ,南方优势产业LOF,灵活配置型,混合型-平衡,-5.15,-8.16,-0.39,16.88,16.34,-0.14,455
501186.SH,华夏兴融LOF,灵活配置型,混合型-平衡,0.23,1.02,4.48,7.5,7.24,0.33,455
164824.SZ,印度基金LOF,股票型,主动股票型,-6.87,-4.03,-9.09,9.18,14.12,-1.21,444
161039.SZ,1000增强LOF,增强指数型,指数增强型,0.69,-0.82,11.01,14.03,14.53,0.64,455
169106.SZ,东方红创优定开,混合型,混合型-偏股,-0.1,0.44,1.98,3.07,2.73,-0.01,455
163417.SZ,兴全合宜LOF,灵活配置型,混合型-平衡,-2.74,-3.98,2.83,19.36,20.67,0.04,455
501053.SH,东方红目标优选,混合型,混合型-偏股,-0.05,0.26,1.83,2.84,2.59,-0.06,455
161014.SZ,富国汇利定开,债券型,债券型-主动,-0.19,-0.75,2.24,2.17,1.24,0.11,455
501051.SH,圆信永丰汇利LOF,混合型,混合型-偏股,-1.12,-0.48,6.21,11.97,9.66,0.35,455
160644.SZ,港美互联网LOF,股票型,主动股票型,-5.92,-5.49,4.28,16.11,15.14,0.14,439
166024.SZ,中欧恒利定开,混合型,混合型-偏股,-4.15,-2.41,0.06,16.8,17.39,-0.12,455
501046.SH,财通福鑫定开混合,灵活配置型,混合型-平衡,2.47,0.97,-0.01,33.81,21.07,-0.06,455
501038.SH,银华明择,混合型,混合型-偏股,-2.35,-2.72,-1.56,10.67,10.78,-0.33,455
166023.SZ,中欧瑞丰LOF,灵活配置型,混合型-平衡,-0.33,-0.55,2.98,18.52,13.47,0.05,455
161038.SZ,成长LOF,混合型,混合型-偏股,-0.17,-2.75,8.88,14.87,12.89,0.46,455
160324.SZ,华夏磐晟LOF,灵活配置型,混合型-平衡,-3.61,-6.92,7.5,17.39,15.89,0.32,455
161037.SZ,高端制造LOF,增强指数型,指数增强型,0.29,-2.29,5.18,15.71,15.0,0.2,455
167003.SZ,鼎弘LOF,混合型,混合型-偏股,0.18,-0.25,3.29,3.54,2.89,0.36,455
160723.SZ,嘉实原油LOF,股票型,主动股票型,17.01,23.35,27.0,18.41,18.8,1.36,444
161036.SZ,娱乐增强LOF,增强指数型,指数增强型,-11.96,-10.73,4.61,17.42,14.54,0.15,455
164509.SZ,国富恒利债券LOF,债券型,债券型-主动,,0.12,1.02,0.88,0.89,-1.12,455
501032.SH,财通福盛混合LOF,混合型,混合型-偏股,1.71,-4.29,-0.46,21.34,20.03,-0.12,455
161233.SZ,国投瑞泰LOF,灵活配置型,混合型-平衡,0.01,0.99,3.44,5.32,3.86,0.27,455
168401.SZ,红土创新精选LOF,灵活配置型,混合型-平衡,5.76,14.11,17.48,31.84,19.75,0.49,455
160323.SZ,华夏磐泰LOF,混合型,混合型-偏股,-0.3,0.19,2.1,3.08,3.36,0.03,455
168301.SZ,东海祥龙LOF,灵活配置型,混合型-平衡,-2.97,-1.24,-1.94,5.82,5.1,-0.68,454
161626.SZ,融通通福LOF,债券型,债券型-主动,-0.63,-0.59,2.75,7.43,9.91,0.1,454
169201.SZ,浙商鼎盈LOF,灵活配置型,混合型-平衡,0.05,-12.48,-2.51,25.9,21.91,-0.17,455
501300.SH,美元债LOF,债券型,债券型-主动,-0.39,-0.57,-1.31,2.33,2.37,-1.42,444
501028.SH,财通福瑞混合LOF,混合型,混合型-偏股,-0.8,0.22,3.13,6.56,5.15,0.17,455
161035.SZ,医药增强LOF,增强指数型,指数增强型,-3.91,-5.39,-0.97,13.58,13.04,-0.22,455
160322.SZ,港股精选LOF,股票型,主动股票型,-6.45,-6.88,-3.85,15.4,17.52,-0.38,455
164703.SZ,汇添富纯债LOF,债券型,债券型-主动,0.2,0.5,0.79,1.06,1.89,-1.14,455
501022.SH,银华鑫盛LOF,灵活配置型,混合型-平衡,-2.6,-6.9,2.13,13.71,10.6,0.01,455
160722.SZ,嘉实惠泽LOF,灵活配置型,混合型-平衡,-0.44,-2.94,16.1,17.69,14.05,0.8,455
164814.SZ,工银双债LOF,债券型,债券型-主动,-2.39,-4.6,3.41,8.89,6.69,0.16,455
168105.SZ,九泰泰富LOF,灵活配置型,混合型-平衡,-4.4,-7.35,2.89,16.52,13.99,0.05,455
164210.SZ,天弘同利LOF,债券型,债券型-主动,0.1,0.24,0.33,2.11,3.82,-0.79,454
167002.SZ,鼎越LOF,灵活配置型,混合型-平衡,16.56,19.59,36.84,25.37,21.39,1.37,455
160642.SZ,鹏华增瑞LOF,灵活配置型,混合型-平衡,-5.76,-6.86,8.29,16.95,15.03,0.37,455
501026.SH,财通福享混合LOF,灵活配置型,混合型-平衡,4.43,-1.02,-1.38,26.36,20.34,-0.13,455
160421.SZ,华安智增LOF,灵活配置型,混合型-平衡,-1.64,-8.93,14.02,21.42,20.82,0.56,455
168104.SZ,九泰锐丰LOF,灵活配置型,混合型-平衡,-2.29,-1.16,-0.71,9.74,12.54,-0.28,455
160921.SZ,多策略LOF,灵活配置型,混合型-平衡,-0.09,-2.93,2.25,10.8,8.6,0.02,455
168103.SZ,九泰锐益LOF,灵活配置型,混合型-平衡,-3.11,-2.05,-2.18,14.43,16.33,-0.29,455
169105.SZ,东方红睿华LOF,灵活配置型,混合型-平衡,0.38,0.95,7.13,15.33,11.89,0.33,455
161834.SZ,银华鑫锐LOF,灵活配置型,混合型-平衡,1.14,0.86,6.67,8.6,6.43,0.54,455
167001.SZ,鼎泰LOF,灵活配置型,混合型-平衡,1.51,-2.33,7.5,12.59,13.2,0.44,455
164403.SZ,农业精选LOF,灵活配置型,混合型-平衡,-0.52,-1.46,-1.57,14.63,13.0,-0.24,455
169104.SZ,东方红睿满LOF,灵活配置型,混合型-平衡,1.35,-0.12,0.12,21.81,20.98,-0.09,455
163003.SZ,长信利鑫LOF,债券型,债券型-主动,-0.09,-0.12,0.83,0.69,0.48,-1.68,455
161727.SZ,招商增荣LOF,灵活配置型,混合型-平衡,-0.59,-1.18,6.46,7.63,5.9,0.58,455
501017.SH,国泰融丰LOF,灵活配置型,混合型-平衡,-2.22,-3.97,1.63,6.81,4.92,-0.05,455
161232.SZ,国投瑞盛LOF,灵活配置型,混合型-平衡,-0.06,0.58,6.07,8.1,5.48,0.5,455
165528.SZ,中信保诚鼎利LOF,灵活配置型,混合型-平衡,2.78,-3.49,1.2,28.64,19.23,-0.03,455
162215.SZ,宏利聚利债券LOF,债券型,债券型-主动,-0.37,-0.74,1.12,1.61,1.29,-0.54,455
160622.SZ,鹏华丰利LOF,债券型,债券型-主动,-0.03,-0.08,1.87,1.94,1.48,-0.07,455
160518.SZ,博时睿远LOF,灵活配置型,混合型-平衡,-1.01,-0.79,5.27,12.71,12.66,0.26,455
501015.SH,财通升级混合LOF,灵活配置型,混合型-平衡,3.02,-3.18,5.54,21.38,18.05,0.17,455
163005.SZ,长信利众LOF,债券型,债券型-主动,-0.03,-0.74,1.15,1.73,1.45,-0.49,455
168102.SZ,九泰锐富LOF,混合型,混合型-偏股,-1.89,0.97,3.83,10.77,10.49,0.17,455
166016.SZ,中欧纯债LOF,债券型,债券型-主动,0.18,0.32,0.33,0.97,1.23,-1.72,455
163907.SZ,中海惠裕LOF,债券型,债券型-主动,0.13,0.25,0.38,3.01,4.11,-0.54,455
161229.SZ,国投中国价值LOF,股票型,主动股票型,-6.47,-5.55,-6.41,12.16,15.12,-0.69,444
164206.SZ,天弘添利LOF,债券型,债券型-主动,-0.01,0.07,2.06,6.62,8.91,0.01,454
168101.SZ,九泰锐智LOF,灵活配置型,混合型-平衡,-2.0,-0.13,0.46,13.35,18.21,-0.12,455
167501.SZ,安信宝利债券LOF,债券型,债券型-主动,-0.31,-0.38,0.63,0.68,0.7,-2.01,455
501001.SH,财通精选混合LOF,灵活配置型,混合型-平衡,-2.79,-0.27,-2.85,11.66,11.82,-0.42,455
162414.SZ,新机遇LOF,灵活配置型,混合型-平衡,-0.45,-0.28,0.68,3.32,2.07,-0.4,455
161225.SZ,国投瑞盈LOF,灵活配置型,混合型-平衡,2.6,5.1,15.05,12.95,12.24,1.01,455
166105.SZ,信澳鑫安LOF,债券型,债券型-主动,,0.68,1.36,2.75,2.2,-0.23,455
162108.SZ,金鹰元盛债券LOF,债券型,债券型-主动,-0.41,-0.64,0.53,1.91,1.43,-0.77,455
161722.SZ,招商丰泰LOF,灵活配置型,混合型-平衡,,0.39,3.58,4.5,3.03,0.35,455
165517.SZ,中信保诚双盈LOF,债券型,债券型-主动,-0.44,-0.66,1.75,1.96,1.26,-0.13,455
161224.SZ,国投新丝路LOF,灵活配置型,混合型-平衡,-0.73,-5.18,-0.33,14.13,13.56,-0.16,455
166011.SZ,中欧盛世LOF,混合型,混合型-偏股,-8.05,-13.89,8.7,28.02,27.12,0.24,455
162105.SZ,金鹰持久增利LOF,债券型,债券型-主动,-1.19,-1.49,1.37,5.88,5.02,-0.11,455
161716.SZ,招商双债LOF,债券型,债券型-主动,-0.07,0.32,0.57,0.66,0.66,-2.16,455
161222.SZ,国投瑞利LOF,灵活配置型,混合型-平衡,-0.06,0.82,6.11,9.22,8.36,0.45,455
160919.SZ,产业升级LOF,股票型,主动股票型,1.07,4.06,10.1,12.2,9.31,0.66,455
166401.SZ,稳健增利LOF,债券型,债券型-主动,0.05,0.16,0.76,0.66,0.87,-1.89,455
160618.SZ,鹏华丰泽LOF,债券型,债券型-主动,0.05,0.13,1.15,0.69,0.69,-1.23,455
164208.SZ,天弘丰利LOF,债券型,债券型-主动,0.13,-0.18,0.77,1.34,1.4,-0.92,454
160813.SZ,长盛同盛LOF,灵活配置型,混合型-平衡,-1.19,-4.35,4.7,16.25,14.38,0.17,455
169101.SZ,东方红睿丰LOF,灵活配置型,混合型-平衡,2.13,-0.36,0.78,24.55,19.03,-0.05,455
160133.SZ,南方天元LOF,股票型,主动股票型,-0.65,-2.0,5.13,12.98,13.54,0.24,455
160513.SZ,稳健债LOF,债券型,债券型-主动,-0.45,-0.47,1.42,2.0,1.34,-0.29,455
161908.SZ,万家添利LOF,债券型,债券型-主动,-0.26,-0.54,1.36,3.95,3.76,-0.16,455
161015.SZ,富国天盈LOF,债券型,债券型-主动,0.07,0.15,0.32,0.23,0.15,-7.27,455
161505.SZ,银河通利债券LOF,债券型,债券型-主动,-0.95,-3.97,4.08,6.28,5.04,0.33,455
160918.SZ,中小盘LOF,混合型,混合型-偏股,-2.19,-0.47,3.58,9.36,8.33,0.17,455
160812.SZ,长盛同益LOF,灵活配置型,混合型-平衡,-4.46,-6.76,4.42,15.05,12.35,0.16,455
160220.SZ,国泰民益LOF,灵活配置型,混合型-平衡,2.75,2.57,4.97,23.9,19.07,0.12,455
160515.SZ,安丰18定开,债券型,债券型-主动,0.09,0.19,0.21,1.75,2.81,-1.02,455
162715.SZ,广发聚源LOF,债券型,债券型-主动,0.16,0.35,0.58,2.44,3.93,-0.58,455
165313.SZ,建信优势LOF,混合型,混合型-偏股,0.83,-0.59,12.68,22.43,16.53,0.48,455
160212.SZ,国泰估值LOF,混合型,混合型-偏股,-4.19,-6.0,16.1,22.75,21.57,0.62,455
163415.SZ,兴全商业模式LOF,混合型,混合型-偏股,0.43,-0.95,7.52,16.52,15.02,0.33,455
160621.SZ,鹏华丰和LOF,债券型,债券型-主动,-0.24,-0.07,1.43,2.77,2.79,-0.2,455
161820.SZ,银华纯债LOF,债券型,债券型-主动,0.15,0.36,0.67,2.76,3.64,-0.48,455
160916.SZ,优选LOF,混合型,混合型-偏股,-0.94,-0.44,2.63,10.47,9.89,0.06,455
164810.SZ,工银纯债定开,债券型,债券型-主动,0.24,0.43,-0.81,1.14,1.45,-2.46,455
161117.SZ,易基永旭添利定开,债券型,债券型-主动,0.19,0.39,,1.5,1.71,0.0,455
160128.SZ,南方金利定开,债券型,债券型-主动,0.29,0.59,0.98,1.23,2.04,-0.83,455
165516.SZ,中信保诚周期LOF,混合型,混合型-偏股,0.47,-3.63,14.38,19.93,22.41,0.62,455
161019.SZ,富国天锋LOF,债券型,债券型-主动,-0.22,-0.81,1.64,1.83,1.18,-0.2,455
160216.SZ,国泰商品LOF,股票型,主动股票型,0.91,4.03,13.8,15.6,10.22,0.76,444
163412.SZ,兴全轻资产LOF,混合型,混合型-偏股,2.75,2.11,10.17,16.47,16.5,0.5,455
160127.SZ,南方消费LOF,股票型,主动股票型,-4.78,-4.28,-3.84,12.97,12.37,-0.45,455
163819.SZ,中银信用增利LOF,债券型,债券型-主动,-0.05,0.06,1.34,1.33,0.71,-0.49,455
161614.SZ,融通四季添利LOF,债券型,债券型-主动,0.06,0.15,0.45,1.13,2.1,-1.37,454
165513.SZ,中信保诚商品LOF,混合型,混合型-偏股,-0.07,1.67,9.66,15.89,11.46,0.48,444
161219.SZ,国投新兴产业LOF,灵活配置型,混合型-平衡,-1.1,-1.75,4.65,12.36,11.63,0.21,455
161017.SZ,500增强LOF,增强指数型,指数增强型,0.36,-1.64,10.99,13.56,12.24,0.66,455
163208.SZ,全球油气能源LOF,股票型,主动股票型,8.42,13.55,21.03,15.17,16.2,1.25,444
160125.SZ,南方香港LOF,股票型,主动股票型,-7.31,-7.33,-0.39,18.68,17.11,-0.13,444
164606.SZ,信用增利LOF,债券型,债券型-主动,-1.27,-1.61,2.52,4.71,3.98,0.11,455
164701.SZ,黄金LOF,股票型,主动股票型,,0.99,10.01,19.02,14.95,0.42,444
162712.SZ,广发聚利LOF,债券型,债券型-主动,0.04,-0.21,0.84,2.14,4.78,-0.54,455
160719.SZ,嘉实黄金LOF,股票型,主动股票型,0.17,1.81,9.67,16.4,11.7,0.47,444
165512.SZ,中信保诚机遇LOF,混合型,混合型-偏股,0.57,3.39,1.26,7.96,5.89,-0.09,455
165311.SZ,信用债LOF,债券型,债券型-主动,-0.38,-0.44,1.51,1.27,0.65,-0.39,455
163110.SZ,申万量化LOF,股票型,主动股票型,-1.67,-3.54,8.52,13.73,12.99,0.47,455
163409.SZ,兴全绿色LOF,混合型,混合型-偏股,-0.43,-2.85,10.7,15.64,13.64,0.56,455
161116.SZ,黄金主题LOF,股票型,主动股票型,-0.09,1.26,9.1,18.07,12.84,0.39,444
160512.SZ,博时卓越LOF,混合型,混合型-偏股,1.22,1.85,-1.16,13.0,10.55,-0.24,455
161216.SZ,国投双债LOF,债券型,债券型-主动,-0.32,-0.44,1.97,2.16,1.17,-0.01,455
166009.SZ,中欧动力LOF,混合型,混合型-偏股,-0.3,-0.72,3.42,11.43,10.53,0.12,455
164808.SZ,工银四季LOF,债券型,债券型-主动,-0.03,0.07,0.49,1.51,1.2,-1.0,455
164902.SZ,交银添利LOF,债券型,债券型-主动,-0.55,-0.75,2.55,2.11,1.9,0.26,455
161815.SZ,抗通胀LOF,主题型,混合型-偏股,4.64,6.09,13.2,13.62,10.75,0.82,437
166008.SZ,中欧强债LOF,债券型,债券型-主动,0.07,0.27,1.37,1.42,0.99,-0.45,455
160617.SZ,鹏华丰润LOF,债券型,债券型-主动,0.08,0.22,1.0,1.14,1.22,-0.88,455
161115.SZ,易基岁丰添利LOF,债券型,债券型-主动,-0.02,0.17,0.53,0.48,0.45,-3.07,455
163407.SZ,兴全沪深300LOF,增强指数型,指数增强型,-2.3,-1.41,0.89,9.3,8.65,-0.12,455
165509.SZ,中信保诚增强LOF,债券型,债券型-主动,-0.51,-1.23,2.08,3.08,2.34,0.03,455
164105.SZ,华富强债LOF,债券型,债券型-主动,-0.46,-1.23,1.6,3.54,3.41,-0.11,455
160215.SZ,国泰价值LOF,灵活配置型,混合型-平衡,-5.4,-11.18,3.52,21.48,20.09,0.07,455
165508.SZ,中信保诚深度LOF,混合型,混合型-偏股,-0.14,0.46,2.41,8.05,5.96,0.05,455
161713.SZ,招商信用添利LOF,债券型,债券型-主动,-0.25,-0.17,1.71,1.75,1.91,-0.16,455
163406.SZ,兴全合润LOF,混合型,混合型-偏股,0.95,-1.47,4.9,17.1,14.12,0.17,455
163001.SZ,长信医疗LOF,灵活配置型,混合型-平衡,-5.22,-7.98,-3.82,15.27,19.28,-0.38,455
166006.SZ,中欧成长LOF,混合型,混合型-偏股,-3.87,-3.8,5.76,15.01,13.86,0.25,455
160211.SZ,国泰小盘LOF,混合型,混合型-偏股,5.05,2.35,19.73,17.69,15.33,1.0,455
161810.SZ,银华内需LOF,混合型,混合型-偏股,5.88,8.47,39.17,25.47,13.83,1.46,455
161010.SZ,富国天丰LOF,强化收益型,混合型-偏债,-1.72,-4.64,0.25,7.47,9.79,-0.23,455
160613.SZ,鹏华盛世创新LOF,混合型,混合型-偏股,0.84,0.74,-9.21,13.76,14.69,-0.81,455
160314.SZ,华夏行业LOF,混合型,混合型-偏股,-0.5,-1.89,6.6,15.86,12.86,0.29,455
160910.SZ,创新成长LOF,混合型,混合型-偏股,-1.47,0.8,-0.79,9.31,6.72,-0.3,455
161610.SZ,融通领先成长LOF,混合型,混合型-偏股,2.09,-0.31,10.52,15.8,12.04,0.54,454
160611.SZ,鹏华优质治理LOF,混合型,混合型-偏股,-2.51,-4.16,10.31,14.86,9.05,0.56,455
160311.SZ,华夏蓝筹LOF,混合型,混合型-偏股,-2.69,-3.21,2.2,17.71,13.64,0.01,455
162006.SZ,长城久富LOF,混合型,混合型-偏股,11.73,10.27,20.46,19.37,17.24,0.95,455
166001.SZ,中欧趋势LOF,混合型,混合型-偏股,1.02,0.4,-3.93,18.01,13.44,-0.33,455
160610.SZ,鹏华动力LOF,混合型,混合型-偏股,-2.22,-6.08,6.72,15.92,12.26,0.3,455
160805.SZ,长盛同智LOF,成长型,主动股票型,4.14,-0.39,9.57,12.45,9.63,0.61,455
160607.SZ,鹏华价值优势LOF,混合型,混合型-偏股,1.01,1.13,-0.74,17.2,16.09,-0.16,455
162207.SZ,宏利效率混合LOF,混合型,混合型-偏股,-5.28,-9.07,3.01,18.43,15.39,0.05,455
162607.SZ,景顺资源LOF,混合型,混合型-偏股,-2.01,-1.35,9.16,12.76,11.86,0.56,455
163503.SZ,天治核心LOF,混合型,混合型-偏股,0.28,-0.35,-2.53,8.76,6.78,-0.52,455
161706.SZ,招商成长LOF,混合型,混合型-偏股,1.48,1.05,3.47,9.2,8.37,0.16,455
161005.SZ,富国天惠LOF,混合型,混合型-偏股,0.81,1.25,7.13,11.91,12.09,0.43,455
163402.SZ,兴全趋势LOF,灵活配置型,混合型-平衡,-0.95,-0.96,9.8,15.86,16.05,0.49,455
163302.SZ,大摩资源LOF,混合型,混合型-偏股,-2.24,-1.01,5.05,12.32,9.74,0.25,455
161903.SZ,万家行业优选LOF,混合型,混合型-偏股,-6.49,-12.46,3.91,21.33,17.93,0.09,455
160106.SZ,南方高增LOF,混合型,混合型-偏股,-2.81,-7.24,-4.27,14.58,16.25,-0.43,455
161607.SZ,巨潮100LOF,增强指数型,指数增强型,-2.05,-1.29,-3.2,9.82,9.42,-0.53,454
162605.SZ,景顺鼎益LOF,混合型,混合型-偏股,-6.1,-3.34,-4.47,11.28,14.84,-0.57,455
162703.SZ,广发小盘LOF,混合型,混合型-偏股,2.35,-4.21,14.89,20.4,11.58,0.63,455
160505.SZ,博时主题LOF,混合型,混合型-偏股,-2.02,-1.79,2.52,11.61,12.64,0.05,455
163801.SZ,中银中国LOF,稳定型,债券型-主动,-1.1,-2.95,2.66,12.43,10.54,0.05,455
160105.SZ,南方积配LOF,混合型,混合型-偏股,-2.55,-6.7,-3.13,14.4,14.62,-0.36,455
